"start","connection","end","strength","state"
".NET","developed_by","Microsoft","1.0","0"
".NET","is_a","Software Framework","1.0","0"
"A400M Atlas","is_a","Military Transport Aircraft","1.0","0"
"A400M Atlas","manufactured_by","Airbus Defence and Space","1.0","0"
"Active Protection System","is_a","Defence Technology","1.0","0"
"Active Protection System","protects","Armoured Vehicle","1.0","0"
"Adobe","is_a","Company","1.0","0"
"Advanced Packaging","is_a","Market Segment","1.0","0"
"Aegis Combat System","is_a","Naval Combat System","1.0","0"
"Aegis Combat System","manufactured_by","Lockheed Martin","1.0","0"
"Aegis Combat System","uses_technology","Integrated Air and Missile Defence","1.0","0"
"Aerial Refuelling","is_a","Strategic Capability","1.0","0"
"Aerospace","is_a","Market Segment","1.0","0"
"AESA Radar","enables","Electronic Beam Steering","1.0","0"
"AESA Radar","is_a","Defence Technology","1.0","0"
"AI Hardware","is_a","Market Segment","1.0","0"
"Air Domain","is_a","Operational Domain","1.0","0"
"Air Force","is_a","Military Service","1.0","0"
"Air Force","operates_in","Air Domain","1.0","0"
"Air Systems","is_a","Market Segment","1.0","0"
"Airborne Early Warning","detects","Aircraft","1.0","0"
"Airborne Early Warning","is_a","Defence Technology","1.0","0"
"Airbus","headquartered_in","Netherlands","1.0","0"
"Airbus","is_a","Company","1.0","0"
"Airbus","operates_in","France","1.0","0"
"Airbus","operates_in","Germany","1.0","0"
"Airbus","operates_in","Spain","0.9","0"
"Airbus","operates_in","United Kingdom","0.9","0"
"Airbus","operates_in","United States","0.8","0"
"Airbus","serves_segment","Aerospace","1.0","0"
"Airbus","serves_segment","Commercial Aircraft","1.0","0"
"Airbus","serves_segment","Defense","0.8","0"
"Airbus","serves_segment","Space Systems","0.8","0"
"Airbus Defence and Space","headquartered_in","Europe","0.9","0"
"Airbus Defence and Space","is_a","Defence Company","1.0","0"
"Aircraft Carrier","operates_in","Maritime Domain","1.0","0"
"Aircraft Engines","is_a","Market Segment","1.0","0"
"Alphabet","headquartered_in","United States","1.0","0"
"Alphabet","is_a","Company","1.0","0"
"Alphabet","operates_in","Brazil","0.8","0"
"Alphabet","operates_in","Germany","0.9","0"
"Alphabet","operates_in","India","0.9","0"
"Alphabet","operates_in","Japan","0.8","0"
"Alphabet","operates_in","United Kingdom","0.9","0"
"Alphabet","operates_in","United States","1.0","0"
"Alphabet","serves_segment","Artificial Intelligence","0.9","0"
"Alphabet","serves_segment","Cloud Computing","0.9","0"
"Alphabet","serves_segment","Internet Services","1.0","0"
"Alphabet","serves_segment","Online Advertising","1.0","0"
"Amazon","headquartered_in","United States","1.0","0"
"Amazon","invests_in","Anthropic","0.8","0"
"Amazon","is_a","Company","1.0","0"
"Amazon","operates_in","Canada","0.8","0"
"Amazon","operates_in","Germany","0.9","0"
"Amazon","operates_in","India","0.9","0"
"Amazon","operates_in","Japan","0.9","0"
"Amazon","operates_in","United Kingdom","0.9","0"
"Amazon","operates_in","United States","1.0","0"
"Amazon","serves_segment","Cloud Computing","1.0","0"
"Amazon","serves_segment","Digital Media","0.8","0"
"Amazon","serves_segment","E Commerce","1.0","0"
"Amazon","serves_segment","Logistics","0.9","0"
"AMD","is_a","Company","1.0","0"
"AMD","manufactures","CPU","1.0","0"
"AMD","manufactures","GPU","1.0","0"
"Amphibious Warfare","is_a","Strategic Capability","1.0","0"
"Android","developed_by","Google","0.9","0"
"Android","is_a","Operating System","1.0","0"
"Angular","developed_by","Google","1.0","0"
"Angular","is_a","Web Framework","0.8","0"
"Ansible","is_a","Configuration Management Tool","1.0","0"
"Ansible","used_for","Automation","1.0","0"
"Anthropic","develops","Large Language Model","1.0","0"
"Anthropic","is_a","Company","1.0","0"
"Anti Submarine Warfare","is_a","Defence Technology","1.0","0"
"Anti Submarine Warfare","targets","Submarine","1.0","0"
"Antivirus","detects","Malware","1.0","0"
"Antivirus","is_a","Security Tool","1.0","0"
"Apple","headquartered_in","United States","1.0","0"
"Apple","is_a","Company","1.0","0"
"Apple","operates_in","China","0.9","0"
"Apple","operates_in","Germany","0.9","0"
"Apple","operates_in","India","0.8","0"
"Apple","operates_in","Japan","0.9","0"
"Apple","operates_in","United Kingdom","0.9","0"
"Apple","operates_in","United States","1.0","0"
"Apple","serves_segment","Computer Hardware","1.0","0"
"Apple","serves_segment","Consumer Electronics","1.0","0"
"Apple","serves_segment","Digital Services","0.9","0"
"Apple","serves_segment","Mobile Devices","1.0","0"
"Application","is_a","Software Component","1.0","0"
"Application","uses","Library","1.0","0"
"Arch Linux","is_a","Linux Distribution","1.0","0"
"Arctic Theatre","associated_with","Resource Competition","0.8","0"
"Arctic Theatre","contains","Arctic","1.0","0"
"Arctic Theatre","is_a","Military Theatre","1.0","0"
"Arleigh Burke Class","is_a","Destroyer","1.0","0"
"Arleigh Burke Class","manufactured_by","General Dynamics","0.8","0"
"Arleigh Burke Class","manufactured_by","Huntington Ingalls Industries","0.8","0"
"Arleigh Burke Class","uses_technology","Aegis Combat System","1.0","0"
"Arm","designs","CPU Architecture","1.0","0"
"Arm","is_a","Company","1.0","0"
"Army","is_a","Military Service","1.0","0"
"Army","operates_in","Land Domain","1.0","0"
"Array","contains","Element","1.0","0"
"Array","is_a","Data Structure","1.0","0"
"Arrow 3","is_a","Air Defence System","1.0","0"
"Arrow 3","manufactured_by","Israel Aerospace Industries","1.0","0"
"Arrow 3","uses_technology","Ballistic Missile Defence","1.0","0"
"Artificial Intelligence","is_a","Computer Science Field","1.0","0"
"Artificial Intelligence","is_a","Market Segment","1.0","0"
"ASELSAN","headquartered_in","Turkey","1.0","0"
"ASELSAN","is_a","Defence Company","1.0","0"
"ASP.NET Core","is_a","Web Framework","1.0","0"
"ASP.NET Core","part_of",".NET","1.0","0"
"Asset Management","is_a","Market Segment","1.0","0"
"AstraZeneca","headquartered_in","United Kingdom","1.0","0"
"AstraZeneca","is_a","Company","1.0","0"
"AstraZeneca","operates_in","China","0.8","0"
"AstraZeneca","operates_in","India","0.8","0"
"AstraZeneca","operates_in","Sweden","0.8","0"
"AstraZeneca","operates_in","United Kingdom","1.0","0"
"AstraZeneca","operates_in","United States","0.9","0"
"AstraZeneca","serves_segment","Biopharmaceuticals","0.9","0"
"AstraZeneca","serves_segment","Oncology Medicine","1.0","0"
"AstraZeneca","serves_segment","Pharmaceuticals","1.0","0"
"AstraZeneca","serves_segment","Respiratory Medicine","0.8","0"
"Astute Class","is_a","Attack Submarine","1.0","0"
"Astute Class","manufactured_by","BAE Systems","1.0","0"
"Astute Class","uses_technology","Nuclear Propulsion","1.0","0"
"Atlantic Theatre","contains","Atlantic Ocean","1.0","0"
"Atlantic Theatre","is_a","Military Theatre","1.0","0"
"Atlassian","is_a","Company","1.0","0"
"Attack Submarine","operates_in","Maritime Domain","1.0","0"
"AUKUS","is_a","Security Partnership","1.0","0"
"Australia","is_a","Country","1.0","0"
"Australia","member_of","AUKUS","1.0","0"
"Australia","member_of","Five Eyes","1.0","0"
"Australia","member_of","QUAD","1.0","0"
"Authentication","is_a","Security Process","1.0","0"
"Authentication","verifies","Identity","1.0","0"
"Authorization","controls","Access","1.0","0"
"Authorization","is_a","Security Process","1.0","0"
"Automotive Manufacturing","is_a","Market Segment","1.0","0"
"AWS","is_a","Cloud Platform","1.0","0"
"AWS","owned_by","Amazon","1.0","0"
"Azerbaijan","is_a","Country","1.0","0"
"Azure","is_a","Cloud Platform","1.0","0"
"Azure","owned_by","Microsoft","1.0","0"
"B-2 Spirit","is_a","Strategic Bomber","1.0","0"
"B-2 Spirit","manufactured_by","Northrop Grumman","1.0","0"
"B-2 Spirit","uses_technology","Stealth","1.0","0"
"B-21 Raider","is_a","Strategic Bomber","1.0","0"
"B-21 Raider","manufactured_by","Northrop Grumman","1.0","0"
"B-21 Raider","uses_technology","Stealth","1.0","0"
"B-52 Stratofortress","is_a","Strategic Bomber","1.0","0"
"B-52 Stratofortress","manufactured_by","Boeing Defense Space and Security","1.0","0"
"BAE Systems","headquartered_in","United Kingdom","1.0","0"
"BAE Systems","is_a","Defence Company","1.0","0"
"BAE Systems","serves_segment","Land Systems","1.0","0"
"BAE Systems","serves_segment","Military Electronics","1.0","0"
"BAE Systems","serves_segment","Naval Systems","1.0","0"
"Ballistic Missile Submarine","operates_in","Maritime Domain","1.0","0"
"Baltic Theatre","associated_with","NATO","0.9","0"
"Baltic Theatre","contains","Baltic Sea","1.0","0"
"Baltic Theatre","is_a","Military Theatre","1.0","0"
"Banking","is_a","Market Segment","1.0","0"
"Battery Storage","is_a","Market Segment","1.0","0"
"Battle Management System","is_a","Defence Technology","1.0","0"
"Battle Management System","supports","Command And Control","1.0","0"
"Baykar","headquartered_in","Turkey","1.0","0"
"Baykar","is_a","Defence Company","1.0","0"
"Baykar","serves_segment","Uncrewed Systems","1.0","0"
"Bayraktar TB2","is_a","Uncrewed Aerial Vehicle","1.0","0"
"Bayraktar TB2","manufactured_by","Baykar","1.0","0"
"Bayraktar TB2","uses_technology","Remote Piloting","1.0","0"
"Belgium","is_a","Country","1.0","0"
"Beverages","is_a","Market Segment","1.0","0"
"Bharat Electronics","headquartered_in","India","1.0","0"
"Bharat Electronics","is_a","Defence Company","1.0","0"
"Biopharmaceuticals","is_a","Market Segment","1.0","0"
"Bitbucket","is_a","Code Hosting Platform","1.0","0"
"Bitbucket","uses","Git","1.0","0"
"Black Sea Theatre","associated_with","NATO","0.9","0"
"Black Sea Theatre","contains","Black Sea","1.0","0"
"Black Sea Theatre","is_a","Military Theatre","1.0","0"
"Boeing","headquartered_in","United States","1.0","0"
"Boeing","is_a","Company","1.0","0"
"Boeing","operates_in","Australia","0.8","0"
"Boeing","operates_in","Canada","0.7","0"
"Boeing","operates_in","India","0.7","0"
"Boeing","operates_in","United Kingdom","0.8","0"
"Boeing","operates_in","United States","1.0","0"
"Boeing","serves_segment","Aerospace","1.0","0"
"Boeing","serves_segment","Commercial Aircraft","1.0","0"
"Boeing","serves_segment","Defense","0.9","0"
"Boeing","serves_segment","Space Systems","0.8","0"
"Boeing Defense Space and Security","headquartered_in","United States","1.0","0"
"Boeing Defense Space and Security","is_a","Defence Company","1.0","0"
"Boxer","is_a","Armoured Fighting Vehicle","1.0","0"
"Boxer","manufactured_by","Rheinmetall","0.8","0"
"Boxer","uses_technology","Modular Vehicle Architecture","1.0","0"
"BP","headquartered_in","United Kingdom","1.0","0"
"BP","is_a","Company","1.0","0"
"BP","operates_in","Australia","0.7","0"
"BP","operates_in","Azerbaijan","0.8","0"
"BP","operates_in","Brazil","0.7","0"
"BP","operates_in","Germany","0.8","0"
"BP","operates_in","United Kingdom","1.0","0"
"BP","operates_in","United States","0.9","0"
"BP","serves_segment","Electric Vehicle Charging","0.7","0"
"BP","serves_segment","Fuel Retail","1.0","0"
"BP","serves_segment","Oil and Gas","1.0","0"
"BP","serves_segment","Renewable Energy","0.7","0"
"Brazil","is_a","Country","1.0","0"
"Brimstone","is_a","Anti Armour Missile","1.0","0"
"Brimstone","manufactured_by","MBDA","1.0","0"
"Broadcom","is_a","Company","1.0","0"
"Build System","is_a","Developer Tool","1.0","0"
"Build System","produces","Artifact","1.0","0"
"Bun","is_a","Runtime Environment","1.0","0"
"Bun","runs","JavaScript","1.0","0"
"Business Applications","is_a","Market Segment","1.0","0"
"C","is_a","Programming Language","1.0","0"
"C#","developed_by","Microsoft","1.0","0"
"C#","is_a","Programming Language","1.0","0"
"C++","is_a","Programming Language","1.0","0"
"C-130 Hercules","is_a","Military Transport Aircraft","1.0","0"
"C-130 Hercules","manufactured_by","Lockheed Martin","1.0","0"
"C-17 Globemaster III","is_a","Military Transport Aircraft","1.0","0"
"C-17 Globemaster III","manufactured_by","Boeing Defense Space and Security","1.0","0"
"Canada","is_a","Country","1.0","0"
"Canada","member_of","Five Eyes","1.0","0"
"Canonical","is_a","Company","1.0","0"
"Card Payments","is_a","Market Segment","1.0","0"
"Carrier Aviation","is_a","Strategic Capability","1.0","0"
"CDN","caches","Content","1.0","0"
"CDN","is_a","Network Service","1.0","0"
"Challenger 2","is_a","Main Battle Tank","1.0","0"
"Challenger 2","manufactured_by","BAE Systems","1.0","0"
"Challenger 2","uses_technology","Composite Armour","1.0","0"
"Charles de Gaulle","is_a","Aircraft Carrier","1.0","0"
"Charles de Gaulle","manufactured_by","Naval Group","1.0","0"
"Chengdu J-20","is_a","Combat Aircraft","1.0","0"
"China","is_a","Country","1.0","0"
"Cloud Computing","is_a","Computing Model","1.0","0"
"Cloud Computing","is_a","Market Segment","1.0","0"
"Cloud Platform","provides","Compute Resource","1.0","0"
"Cloud Platform","provides","Network Service","1.0","0"
"Cloud Platform","provides","Storage Service","1.0","0"
"Coast Guard","is_a","Military Service","1.0","0"
"Coast Guard","operates_in","Maritime Domain","1.0","0"
"Coca Cola","headquartered_in","United States","1.0","0"
"Coca Cola","is_a","Company","1.0","0"
"Coca Cola","operates_in","Brazil","0.8","0"
"Coca Cola","operates_in","China","0.8","0"
"Coca Cola","operates_in","India","0.8","0"
"Coca Cola","operates_in","Mexico","0.9","0"
"Coca Cola","operates_in","South Africa","0.8","0"
"Coca Cola","operates_in","United States","1.0","0"
"Coca Cola","serves_segment","Beverages","1.0","0"
"Coca Cola","serves_segment","Bottling Networks","0.8","0"
"Coca Cola","serves_segment","Soft Drinks","1.0","0"
"Columbia Class","is_a","Ballistic Missile Submarine","1.0","0"
"Columbia Class","manufactured_by","General Dynamics","0.8","0"
"Columbia Class","manufactured_by","Huntington Ingalls Industries","0.8","0"
"Columbia Class","uses_technology","Nuclear Deterrence","1.0","0"
"Column","is_a","Data Structure","1.0","0"
"Combat Aircraft","operates_in","Air Domain","1.0","0"
"Command And Control","coordinates","Military Forces","1.0","0"
"Command And Control","is_a","Defence Technology","1.0","0"
"Command Line Tool","is_a","Software Component","1.0","0"
"Command Line Tool","runs_in","Shell","1.0","0"
"Commercial Aircraft","is_a","Market Segment","1.0","0"
"Commercial Banking","is_a","Market Segment","1.0","0"
"Commercial Vehicles","is_a","Market Segment","1.0","0"
"Compiler","is_a","Developer Tool","1.0","0"
"Compiler","translates","Source Code","1.0","0"
"Composite Armour","is_a","Defence Technology","1.0","0"
"Composite Armour","protects","Armoured Vehicle","1.0","0"
"Computer Hardware","is_a","Market Segment","1.0","0"
"Confluence","developed_by","Atlassian","1.0","0"
"Confluence","is_a","Documentation Platform","1.0","0"
"Constellation Class","is_a","Frigate","1.0","0"
"Constellation Class","manufactured_by","Fincantieri","1.0","0"
"Consumer Electronics","is_a","Market Segment","1.0","0"
"Consumer Goods","is_a","Market Segment","1.0","0"
"Container","is_a","Compute Resource","1.0","0"
"Container","runs","Application","1.0","0"
"Costco","headquartered_in","United States","1.0","0"
"Costco","is_a","Company","1.0","0"
"Costco","operates_in","Australia","0.7","0"
"Costco","operates_in","Canada","0.9","0"
"Costco","operates_in","Japan","0.8","0"
"Costco","operates_in","Mexico","0.8","0"
"Costco","operates_in","United Kingdom","0.8","0"
"Costco","operates_in","United States","1.0","0"
"Costco","serves_segment","Grocery Retail","0.9","0"
"Costco","serves_segment","Private Label Goods","0.8","0"
"Costco","serves_segment","Retail","1.0","0"
"Costco","serves_segment","Wholesale Clubs","1.0","0"
"CPU","is_a","Computer Hardware","1.0","0"
"CPU","performs","General Purpose Computation","1.0","0"
"CRM","is_a","Market Segment","1.0","0"
"CSS","is_a","Style Sheet Language","1.0","0"
"CSV","commonly_used_for","Tabular Data","1.0","0"
"CSV","is_a","Data Format","1.0","0"
"CUDA","developed_by","Nvidia","1.0","0"
"CUDA","is_a","Software Platform","1.0","0"
"CUDA","used_for","GPU Computing","1.0","0"
"CV90","is_a","Infantry Fighting Vehicle","1.0","0"
"CV90","manufactured_by","BAE Systems","1.0","0"
"CV90","uses_technology","Modular Armour","0.8","0"
"Cyber Defence","is_a","Defence Technology","1.0","0"
"Cyber Defence","operates_in","Cyber Domain","1.0","0"
"Cyber Defence","protects","Computer Networks","1.0","0"
"Cyber Domain","is_a","Operational Domain","1.0","0"
"Cyber Offence","is_a","Defence Technology","0.9","0"
"Cyber Offence","targets","Computer Networks","0.9","0"
"Cyber Security","is_a","Market Segment","1.0","0"
"Cyber Theatre","associated_with","Network Operations","1.0","0"
"Cyber Theatre","contains","Computer Networks","1.0","0"
"Cyber Theatre","is_a","Military Theatre","1.0","0"
"Daemon","is_a","Software Component","1.0","0"
"Daemon","runs_on","Operating System","1.0","0"
"Dassault Aviation","headquartered_in","France","1.0","0"
"Dassault Aviation","is_a","Defence Company","1.0","0"
"Dassault Rafale","is_a","Combat Aircraft","1.0","0"
"Dassault Rafale","manufactured_by","Dassault Aviation","1.0","0"
"Data Center","contains","Server","1.0","0"
"Data Center","is_a","Computing Facility","1.0","0"
"Data Link","connects","Military Platforms","1.0","0"
"Data Link","is_a","Defence Technology","1.0","0"
"Databases","is_a","Market Segment","1.0","0"
"David's Sling","is_a","Air Defence System","1.0","0"
"David's Sling","manufactured_by","Rafael Advanced Defense Systems","1.0","0"
"David's Sling","uses_technology","Missile Defence","1.0","0"
"Debian","is_a","Linux Distribution","1.0","0"
"Debugger","inspects","Program","1.0","0"
"Debugger","is_a","Developer Tool","1.0","0"
"Deep Learning","is_a","Machine Learning Technique","1.0","0"
"Deep Learning","part_of","Machine Learning","1.0","0"
"Defence","is_a","Market Segment","1.0","0"
"Defence Company","serves_segment","Aerospace","1.0","0"
"Defence Company","serves_segment","Air Systems","0.8","0"
"Defence Company","serves_segment","Command And Control","0.8","0"
"Defence Company","serves_segment","Cyber Security","0.7","0"
"Defence Company","serves_segment","Defence","1.0","0"
"Defence Company","serves_segment","Land Systems","0.8","0"
"Defence Company","serves_segment","Military Electronics","0.9","0"
"Defence Company","serves_segment","Naval Systems","0.8","0"
"Defence Company","serves_segment","Space Systems","0.8","0"
"Defence Company","serves_segment","Weapons Systems","1.0","0"
"Defense","is_a","Market Segment","1.0","0"
"Deno","is_a","Runtime Environment","1.0","0"
"Deno","runs","JavaScript","1.0","0"
"Desktop PC","is_a","Computer System","1.0","0"
"Destroyer","operates_in","Maritime Domain","1.0","0"
"Diagnostics","is_a","Market Segment","1.0","0"
"Dictionary","is_a","Data Structure","1.0","0"
"Dictionary","maps","Key","1.0","0"
"Dictionary","maps_to","Value","1.0","0"
"Digital Media","is_a","Market Segment","1.0","0"
"Digital Payments","is_a","Market Segment","1.0","0"
"Digital Services","is_a","Market Segment","1.0","0"
"Directed Energy Weapon","is_a","Defence Technology","0.8","0"
"Directed Energy Weapon","targets","Drones","0.8","0"
"DirectX","developed_by","Microsoft","1.0","0"
"DirectX","is_a","Graphics API","1.0","0"
"Django","is_a","Web Framework","1.0","0"
"Django","written_in","Python","1.0","0"
"DNS","is_a","Network Protocol","1.0","0"
"DNS","resolves","Domain Name","1.0","0"
"Docker","is_a","Company","1.0","0"
"Docker","is_a","Container Platform","1.0","0"
"Docker","used_for","Containerization","1.0","0"
"DRDO","headquartered_in","India","1.0","0"
"DRDO","is_a","Defence Research Organisation","1.0","0"
"Dreadnought Class","is_a","Ballistic Missile Submarine","1.0","0"
"Dreadnought Class","manufactured_by","BAE Systems","1.0","0"
"Dreadnought Class","uses_technology","Nuclear Deterrence","1.0","0"
"Driver","controls","Computer Hardware","1.0","0"
"Driver","is_a","Software Component","1.0","0"
"DuckDB","is_a","Database","1.0","0"
"DuckDB","used_for","Analytics","1.0","0"
"E Commerce","is_a","Market Segment","1.0","0"
"E-7 Wedgetail","is_a","Airborne Early Warning Aircraft","1.0","0"
"E-7 Wedgetail","manufactured_by","Boeing Defense Space and Security","1.0","0"
"E-7 Wedgetail","uses_technology","Airborne Early Warning","1.0","0"
"Edge","connects","Node","1.0","0"
"Edge","is_a","Graph Element","1.0","0"
"Elasticsearch","is_a","Search Engine","1.0","0"
"Elasticsearch","used_for","Search","1.0","0"
"Elbit Systems","headquartered_in","Israel","1.0","0"
"Elbit Systems","is_a","Defence Company","1.0","0"
"Elbit Systems","serves_segment","Military Electronics","1.0","0"
"Elbit Systems","serves_segment","Uncrewed Systems","0.9","0"
"Electric Vehicles","is_a","Market Segment","1.0","0"
"Electromagnetic Domain","is_a","Operational Domain","1.0","0"
"Electronic Warfare","is_a","Defence Technology","1.0","0"
"Electronic Warfare","operates_in","Electromagnetic Domain","1.0","0"
"Electronic Warfare","targets","Electromagnetic Spectrum","1.0","0"
"Embedding","is_a","Vector Representation","1.0","0"
"Embedding","used_for","Semantic Search","1.0","0"
"Encryption","is_a","Security Process","1.0","0"
"Encryption","protects","Data","1.0","0"
"Energy Technology","is_a","Market Segment","1.0","0"
"Enterprise Software","is_a","Market Segment","1.0","0"
"Entity Framework","is_a","ORM","1.0","0"
"Entity Framework","part_of",".NET","0.9","0"
"ERP","is_a","Market Segment","1.0","0"
"Eurofighter Typhoon","is_a","Combat Aircraft","1.0","0"
"Eurofighter Typhoon","manufactured_by","Airbus Defence and Space","0.8","0"
"Eurofighter Typhoon","manufactured_by","BAE Systems","0.8","0"
"Eurofighter Typhoon","manufactured_by","Leonardo","0.8","0"
"European Theatre","associated_with","NATO","1.0","0"
"European Theatre","contains","Europe","1.0","0"
"European Theatre","is_a","Military Theatre","1.0","0"
"European Union","is_a","Political Union","1.0","0"
"Expeditionary Warfare","is_a","Strategic Capability","1.0","0"
"Exploit","is_a","Security Risk","1.0","0"
"ExxonMobil","headquartered_in","United States","1.0","0"
"ExxonMobil","is_a","Company","1.0","0"
"ExxonMobil","operates_in","Australia","0.7","0"
"ExxonMobil","operates_in","Canada","0.8","0"
"ExxonMobil","operates_in","Guyana","0.8","0"
"ExxonMobil","operates_in","Qatar","0.8","0"
"ExxonMobil","operates_in","Singapore","0.8","0"
"ExxonMobil","operates_in","United States","1.0","0"
"ExxonMobil","serves_segment","Fuel Retail","0.9","0"
"ExxonMobil","serves_segment","Liquefied Natural Gas","0.8","0"
"ExxonMobil","serves_segment","Oil and Gas","1.0","0"
"ExxonMobil","serves_segment","Petrochemicals","1.0","0"
"F-16 Fighting Falcon","is_a","Combat Aircraft","1.0","0"
"F-16 Fighting Falcon","manufactured_by","Lockheed Martin","1.0","0"
"F-22 Raptor","is_a","Combat Aircraft","1.0","0"
"F-22 Raptor","manufactured_by","Lockheed Martin","1.0","0"
"F-22 Raptor","uses_technology","Stealth","1.0","0"
"F-22 Raptor","uses_technology","Supercruise","0.9","0"
"F-35 Lightning II","is_a","Combat Aircraft","1.0","0"
"F-35 Lightning II","manufactured_by","Lockheed Martin","1.0","0"
"F-35 Lightning II","uses_technology","AESA Radar","1.0","0"
"F-35 Lightning II","uses_technology","Sensor Fusion","1.0","0"
"F-35 Lightning II","uses_technology","Stealth","1.0","0"
"F/A-18 Super Hornet","is_a","Combat Aircraft","1.0","0"
"F/A-18 Super Hornet","manufactured_by","Boeing Defense Space and Security","1.0","0"
"FastAPI","is_a","Web Framework","1.0","0"
"FastAPI","written_in","Python","1.0","0"
"Fedora","is_a","Linux Distribution","1.0","0"
"Fedora","related_to","Red Hat Enterprise Linux","0.8","0"
"File","is_a","Data Object","1.0","0"
"Financial Technology","is_a","Market Segment","1.0","0"
"Fincantieri","headquartered_in","Italy","1.0","0"
"Fincantieri","is_a","Defence Company","1.0","0"
"Fine Tuning","is_a","Model Operation","1.0","0"
"Fine Tuning","modifies","Trained Model","1.0","0"
"Firewall","filters","Traffic","1.0","0"
"Firewall","is_a","Security Tool","1.0","0"
"Five Eyes","is_a","Intelligence Alliance","1.0","0"
"Flask","is_a","Web Framework","1.0","0"
"Flask","written_in","Python","1.0","0"
"Folder","contains","File","1.0","0"
"Folder","is_a","Data Object","1.0","0"
"Food Products","is_a","Market Segment","1.0","0"
"Formatter","formats","Source Code","1.0","0"
"Formatter","is_a","Developer Tool","1.0","0"
"Foundry Services","is_a","Market Segment","1.0","0"
"France","is_a","Country","1.0","0"
"France","member_of","NATO","1.0","0"
"FreeBSD","is_a","Operating System","1.0","0"
"FreeBSD","licensed_under","BSD License","1.0","0"
"FREMM","is_a","Frigate","1.0","0"
"FREMM","manufactured_by","Fincantieri","0.8","0"
"FREMM","manufactured_by","Naval Group","0.8","0"
"FREMM","uses_technology","Anti Submarine Warfare","0.9","0"
"Frigate","operates_in","Maritime Domain","1.0","0"
"Fuel Retail","is_a","Market Segment","1.0","0"
"Gaming Hardware","is_a","Market Segment","1.0","0"
"General Dynamics","headquartered_in","United States","1.0","0"
"General Dynamics","is_a","Defence Company","1.0","0"
"General Electric","headquartered_in","United States","1.0","0"
"General Electric","is_a","Company","1.0","0"
"General Electric","operates_in","China","0.8","0"
"General Electric","operates_in","France","0.8","0"
"General Electric","operates_in","India","0.8","0"
"General Electric","operates_in","United Kingdom","0.8","0"
"General Electric","operates_in","United States","1.0","0"
"General Electric","serves_segment","Aerospace Engineering","1.0","0"
"General Electric","serves_segment","Energy Technology","0.9","0"
"General Electric","serves_segment","Industrial Equipment","0.8","0"
"Geospatial Intelligence","is_a","Intelligence Discipline","1.0","0"
"Geospatial Intelligence","uses","Satellite Imagery","1.0","0"
"Gerald R Ford Class","is_a","Aircraft Carrier","1.0","0"
"Gerald R Ford Class","manufactured_by","Huntington Ingalls Industries","1.0","0"
"Gerald R Ford Class","uses_technology","Electromagnetic Aircraft Launch System","1.0","0"
"Gerald R Ford Class","uses_technology","Nuclear Propulsion","1.0","0"
"Germany","is_a","Country","1.0","0"
"Germany","member_of","NATO","1.0","0"
"Git","is_a","Version Control System","1.0","0"
"GitHub","is_a","Code Hosting Platform","1.0","0"
"GitHub","is_a","Company","1.0","0"
"GitHub","owned_by","Microsoft","1.0","0"
"GitHub","uses","Git","1.0","0"
"GitHub Actions","is_a","CI CD Tool","1.0","0"
"GitHub Actions","part_of","GitHub","1.0","0"
"GitLab","is_a","Code Hosting Platform","1.0","0"
"GitLab","is_a","Company","1.0","0"
"GitLab","uses","Git","1.0","0"
"Go","developed_by","Google","1.0","0"
"Go","is_a","Programming Language","1.0","0"
"Godot","is_a","Game Engine","1.0","0"
"Godot","supports","C#","0.9","0"
"Google","develops","Large Language Model","1.0","0"
"Google","is_a","Company","1.0","0"
"Google Cloud","is_a","Cloud Platform","1.0","0"
"Google Cloud","owned_by","Google","1.0","0"
"GPU","is_a","Computer Hardware","1.0","0"
"GPU","performs","Parallel Computation","1.0","0"
"GPU Computing","is_a","Market Segment","1.0","0"
"Graph","contains","Edge","1.0","0"
"Graph","contains","Node","1.0","0"
"Graph","is_a","Data Structure","1.0","0"
"GraphQL","is_a","Software Interface","1.0","0"
"GraphQL","uses","HTTP","0.9","0"
"Grocery Retail","is_a","Market Segment","1.0","0"
"gRPC","is_a","Software Interface","1.0","0"
"gRPC","uses","HTTP/2","1.0","0"
"Guyana","is_a","Country","1.0","0"
"Hanwha Aerospace","headquartered_in","South Korea","1.0","0"
"Hanwha Aerospace","is_a","Defence Company","1.0","0"
"Hanwha Aerospace","serves_segment","Aerospace","0.8","0"
"Hanwha Aerospace","serves_segment","Land Systems","0.9","0"
"Harpoon","is_a","Anti Ship Missile","1.0","0"
"Harpoon","manufactured_by","Boeing Defense Space and Security","1.0","0"
"Harpoon","uses_technology","Sea Skimming","0.9","0"
"Hashing","is_a","Security Process","1.0","0"
"Hashing","produces","Digest","1.0","0"
"HIMARS","is_a","Rocket Artillery","1.0","0"
"HIMARS","manufactured_by","Lockheed Martin","1.0","0"
"HIMARS","uses_technology","Precision Guided Munition","1.0","0"
"Hindustan Aeronautics","headquartered_in","India","1.0","0"
"Hindustan Aeronautics","is_a","Defence Company","1.0","0"
"Home Care","is_a","Market Segment","1.0","0"
"Hong Kong","is_a","Country","0.7","0"
"Horn of Africa","contains","Ethiopia","0.8","0"
"Horn of Africa","contains","Somalia","0.8","0"
"Horn of Africa","is_a","Military Theatre","1.0","0"
"HSBC","headquartered_in","United Kingdom","1.0","0"
"HSBC","is_a","Company","1.0","0"
"HSBC","operates_in","China","0.9","0"
"HSBC","operates_in","Hong Kong","1.0","0"
"HSBC","operates_in","India","0.8","0"
"HSBC","operates_in","Singapore","0.8","0"
"HSBC","operates_in","United Kingdom","1.0","0"
"HSBC","operates_in","United States","0.7","0"
"HSBC","serves_segment","Banking","1.0","0"
"HSBC","serves_segment","Commercial Banking","1.0","0"
"HSBC","serves_segment","Trade Finance","0.9","0"
"HSBC","serves_segment","Wealth Management","0.9","0"
"HTML","is_a","Markup Language","1.0","0"
"HTML","used_with","CSS","1.0","0"
"HTML","used_with","JavaScript","1.0","0"
"HTTP","is_a","Network Protocol","1.0","0"
"HTTPS","is_a","Network Protocol","1.0","0"
"HTTPS","uses","TLS","1.0","0"
"Hugging Face","hosts","Machine Learning Model","1.0","0"
"Hugging Face","is_a","Company","1.0","0"
"Human Intelligence","is_a","Intelligence Discipline","1.0","0"
"Huntington Ingalls Industries","headquartered_in","United States","1.0","0"
"Huntington Ingalls Industries","is_a","Defence Company","1.0","0"
"Hybrid Vehicles","is_a","Market Segment","1.0","0"
"Hypersonic Weapon","complicates","Missile Defence","0.9","0"
"Hypersonic Weapon","is_a","Defence Technology","1.0","0"
"Hyundai Rotem","headquartered_in","South Korea","1.0","0"
"Hyundai Rotem","is_a","Defence Company","1.0","0"
"IBM","headquartered_in","United States","1.0","0"
"IBM","is_a","Company","1.0","0"
"IBM","operates_in","Germany","0.8","0"
"IBM","operates_in","India","0.9","0"
"IBM","operates_in","Japan","0.8","0"
"IBM","operates_in","United Kingdom","0.9","0"
"IBM","operates_in","United States","1.0","0"
"IBM","serves_segment","Artificial Intelligence","0.8","0"
"IBM","serves_segment","Cloud Computing","0.8","0"
"IBM","serves_segment","Enterprise Software","1.0","0"
"IBM","serves_segment","IT Consulting","1.0","0"
"IDE","contains","Editor","1.0","0"
"IDE","is_a","Developer Tool","1.0","0"
"India","is_a","Country","1.0","0"
"India","member_of","QUAD","1.0","0"
"Indo Pacific Theatre","associated_with","AUKUS","0.8","0"
"Indo Pacific Theatre","associated_with","QUAD","0.8","0"
"Indo Pacific Theatre","contains","Indian Ocean","1.0","0"
"Indo Pacific Theatre","contains","Pacific Ocean","1.0","0"
"Indo Pacific Theatre","is_a","Military Theatre","1.0","0"
"Indonesia","is_a","Country","1.0","0"
"Industrial Automation","is_a","Market Segment","1.0","0"
"Infantry Fighting Vehicle","operates_in","Land Domain","1.0","0"
"Inference","is_a","Model Operation","1.0","0"
"Inference","uses","Trained Model","1.0","0"
"Information Domain","is_a","Operational Domain","1.0","0"
"Integrated Air and Missile Defence","defends_against","Missiles","1.0","0"
"Integrated Air and Missile Defence","is_a","Defence Technology","1.0","0"
"Intel","is_a","Company","1.0","0"
"Intel","manufactures","CPU","1.0","0"
"Intelligence Agency","is_a","Security Organisation","1.0","0"
"Intelligence Agency","uses","Geospatial Intelligence","0.9","0"
"Intelligence Agency","uses","Human Intelligence","0.9","0"
"Intelligence Agency","uses","Open Source Intelligence","0.8","0"
"Intelligence Agency","uses","Signals Intelligence","0.9","0"
"Internet Services","is_a","Market Segment","1.0","0"
"Interpreter","executes","Source Code","1.0","0"
"Interpreter","is_a","Developer Tool","1.0","0"
"Investment Banking","is_a","Market Segment","1.0","0"
"iOS","developed_by","Apple","1.0","0"
"iOS","is_a","Operating System","1.0","0"
"Iron Dome","is_a","Air Defence System","1.0","0"
"Iron Dome","manufactured_by","Rafael Advanced Defense Systems","1.0","0"
"Iron Dome","uses_technology","Counter Rocket Artillery Mortar","1.0","0"
"Israel Aerospace Industries","headquartered_in","Israel","1.0","0"
"Israel Aerospace Industries","is_a","Defence Company","1.0","0"
"IT Consulting","is_a","Market Segment","1.0","0"
"Italy","member_of","NATO","1.0","0"
"Japan","is_a","Country","1.0","0"
"Japan","member_of","QUAD","1.0","0"
"JASSM","is_a","Cruise Missile","1.0","0"
"JASSM","manufactured_by","Lockheed Martin","1.0","0"
"JASSM","uses_technology","Stealth","0.8","0"
"Java","is_a","Programming Language","1.0","0"
"JavaScript","is_a","Programming Language","1.0","0"
"JavaScript","standardized_as","ECMAScript","1.0","0"
"Javelin","is_a","Anti Armour Missile","1.0","0"
"Javelin","manufactured_by","Lockheed Martin","0.8","0"
"Javelin","manufactured_by","RTX","0.8","0"
"Javelin","uses_technology","Fire And Forget Guidance","1.0","0"
"Jenkins","is_a","CI CD Tool","1.0","0"
"Jenkins","used_for","Build Automation","1.0","0"
"JetBrains","is_a","Company","1.0","0"
"Jira","developed_by","Atlassian","1.0","0"
"Jira","is_a","Issue Tracking System","1.0","0"
"JPMorgan Chase","headquartered_in","United States","1.0","0"
"JPMorgan Chase","is_a","Company","1.0","0"
"JPMorgan Chase","operates_in","Hong Kong","0.8","0"
"JPMorgan Chase","operates_in","India","0.8","0"
"JPMorgan Chase","operates_in","Singapore","0.8","0"
"JPMorgan Chase","operates_in","United Kingdom","0.9","0"
"JPMorgan Chase","operates_in","United States","1.0","0"
"JPMorgan Chase","serves_segment","Asset Management","0.9","0"
"JPMorgan Chase","serves_segment","Banking","1.0","0"
"JPMorgan Chase","serves_segment","Investment Banking","1.0","0"
"JPMorgan Chase","serves_segment","Payment Services","0.8","0"
"JSON","commonly_used_for","Configuration","0.9","0"
"JSON","is_a","Data Format","1.0","0"
"K2 Black Panther","is_a","Main Battle Tank","1.0","0"
"K2 Black Panther","manufactured_by","Hyundai Rotem","1.0","0"
"K2 Black Panther","uses_technology","Active Suspension","0.8","0"
"K9 Thunder","is_a","Self Propelled Artillery","1.0","0"
"K9 Thunder","manufactured_by","Hanwha Aerospace","1.0","0"
"K9 Thunder","uses_technology","155mm Artillery","1.0","0"
"Kernel","is_a","Software Component","1.0","0"
"Kongsberg Gruppen","headquartered_in","Norway","1.0","0"
"Kongsberg Gruppen","is_a","Defence Company","1.0","0"
"Kongsberg Gruppen","serves_segment","Missile Systems","1.0","0"
"Kongsberg Gruppen","serves_segment","Naval Systems","0.8","0"
"Korean Peninsula","contains","North Korea","1.0","0"
"Korean Peninsula","contains","South Korea","1.0","0"
"Korean Peninsula","is_a","Military Theatre","1.0","0"
"Kotlin","developed_by","JetBrains","1.0","0"
"Kotlin","is_a","Programming Language","1.0","0"
"Krauss-Maffei Wegmann","headquartered_in","Germany","1.0","0"
"Krauss-Maffei Wegmann","is_a","Defence Company","1.0","0"
"Kubernetes","is_a","Container Orchestration Platform","1.0","0"
"Kubernetes","used_for","Orchestration","1.0","0"
"L3Harris","headquartered_in","United States","1.0","0"
"L3Harris","is_a","Defence Company","1.0","0"
"Land Domain","is_a","Operational Domain","1.0","0"
"Land Systems","is_a","Market Segment","1.0","0"
"Laptop","is_a","Computer System","1.0","0"
"Large Language Model","is_a","Machine Learning Model","1.0","0"
"Large Language Model","produces","Text","1.0","0"
"Large Language Model","uses","Tokenization","1.0","0"
"Leclerc","is_a","Main Battle Tank","1.0","0"
"Leclerc","manufactured_by","Nexter","1.0","0"
"Leonardo","headquartered_in","Italy","1.0","0"
"Leonardo","is_a","Defence Company","1.0","0"
"Leonardo","serves_segment","Helicopters","1.0","0"
"Leonardo","serves_segment","Military Electronics","1.0","0"
"Leopard 2","is_a","Main Battle Tank","1.0","0"
"Leopard 2","manufactured_by","Krauss-Maffei Wegmann","1.0","0"
"Leopard 2","uses_technology","Composite Armour","1.0","0"
"Library","is_a","Software Component","1.0","0"
"Linter","checks","Source Code","1.0","0"
"Linter","is_a","Developer Tool","1.0","0"
"Linux","created_by","Linus Torvalds","1.0","0"
"Linux","is_a","Computer Software","1.0","0"
"Linux","is_a","Operating System","1.0","0"
"Linux","licensed_under","GPL","1.0","0"
"Liquefied Natural Gas","is_a","Market Segment","1.0","0"
"List","contains","Element","1.0","0"
"List","is_a","Data Structure","1.0","0"
"Load Balancer","distributes","Traffic","1.0","0"
"Load Balancer","is_a","Network Service","1.0","0"
"Lockheed Martin","headquartered_in","United States","1.0","0"
"Lockheed Martin","is_a","Company","1.0","0"
"Lockheed Martin","is_a","Defence Company","1.0","0"
"Lockheed Martin","operates_in","Australia","0.8","0"
"Lockheed Martin","operates_in","Canada","0.7","0"
"Lockheed Martin","operates_in","Japan","0.7","0"
"Lockheed Martin","operates_in","United Kingdom","0.8","0"
"Lockheed Martin","operates_in","United States","1.0","0"
"Lockheed Martin","serves_segment","Aerospace","1.0","0"
"Lockheed Martin","serves_segment","Combat Aircraft","1.0","0"
"Lockheed Martin","serves_segment","Defense","1.0","0"
"Lockheed Martin","serves_segment","Missile Systems","0.9","0"
"Lockheed Martin","serves_segment","Space Systems","0.9","0"
"Logistics","is_a","Market Segment","1.0","0"
"M1 Abrams","is_a","Main Battle Tank","1.0","0"
"M1 Abrams","manufactured_by","General Dynamics","1.0","0"
"M1 Abrams","uses_technology","Composite Armour","1.0","0"
"M109 Paladin","is_a","Self Propelled Artillery","1.0","0"
"M109 Paladin","manufactured_by","BAE Systems","1.0","0"
"M2 Bradley","is_a","Infantry Fighting Vehicle","1.0","0"
"M2 Bradley","manufactured_by","BAE Systems","1.0","0"
"M2 Bradley","uses_technology","Anti Armour Missile","0.8","0"
"M270 MLRS","is_a","Rocket Artillery","1.0","0"
"M270 MLRS","manufactured_by","Lockheed Martin","0.8","0"
"M270 MLRS","uses_technology","Rocket Artillery","1.0","0"
"Machine Learning","is_a","Computer Science Field","1.0","0"
"Machine Learning","part_of","Artificial Intelligence","1.0","0"
"macOS","developed_by","Apple","1.0","0"
"macOS","is_a","Computer Software","1.0","0"
"macOS","is_a","Operating System","1.0","0"
"Main Battle Tank","operates_in","Land Domain","1.0","0"
"Maintenance Repair Overhaul","is_a","Market Segment","1.0","0"
"MariaDB","is_a","Database","1.0","0"
"Marine Corps","is_a","Military Service","1.0","0"
"Marine Corps","operates_in","Land Domain","0.8","0"
"Marine Corps","operates_in","Maritime Domain","0.8","0"
"Maritime Domain","is_a","Operational Domain","1.0","0"
"Mastercard","headquartered_in","United States","1.0","0"
"Mastercard","is_a","Company","1.0","0"
"Mastercard","operates_in","Australia","0.8","0"
"Mastercard","operates_in","Brazil","0.8","0"
"Mastercard","operates_in","Canada","0.8","0"
"Mastercard","operates_in","India","0.8","0"
"Mastercard","operates_in","United Kingdom","0.9","0"
"Mastercard","operates_in","United States","1.0","0"
"Mastercard","serves_segment","Card Payments","1.0","0"
"Mastercard","serves_segment","Digital Payments","0.9","0"
"Mastercard","serves_segment","Financial Technology","1.0","0"
"Mastercard","serves_segment","Payment Networks","1.0","0"
"Medical Technology","is_a","Market Segment","1.0","0"
"Mediterranean Theatre","contains","Mediterranean Sea","1.0","0"
"Mediterranean Theatre","is_a","Military Theatre","1.0","0"
"Merkava","is_a","Main Battle Tank","1.0","0"
"Merkava","manufactured_by","Israel","0.9","0"
"Merkava","uses_technology","Active Protection System","0.9","0"
"Meta","develops","Large Language Model","1.0","0"
"Meta","headquartered_in","United States","1.0","0"
"Meta","is_a","Company","1.0","0"
"Meta","operates_in","Brazil","0.8","0"
"Meta","operates_in","Germany","0.8","0"
"Meta","operates_in","India","0.9","0"
"Meta","operates_in","Indonesia","0.8","0"
"Meta","operates_in","United Kingdom","0.9","0"
"Meta","operates_in","United States","1.0","0"
"Meta","serves_segment","Artificial Intelligence","0.8","0"
"Meta","serves_segment","Online Advertising","1.0","0"
"Meta","serves_segment","Social Media","1.0","0"
"Meta","serves_segment","Virtual Reality","0.8","0"
"Metal","developed_by","Apple","1.0","0"
"Metal","is_a","Graphics API","1.0","0"
"Mexico","is_a","Country","1.0","0"
"Microprocessor","is_a","Computer Hardware","1.0","0"
"Microservice","communicates_via","Software Interface","1.0","0"
"Microservice","is_a","Software Component","1.0","0"
"Microsoft","headquartered_in","United States","1.0","0"
"Microsoft","invests_in","OpenAI","0.9","0"
"Microsoft","is_a","Company","1.0","0"
"Microsoft","operates_in","Canada","0.8","0"
"Microsoft","operates_in","Germany","0.9","0"
"Microsoft","operates_in","India","0.9","0"
"Microsoft","operates_in","Japan","0.8","0"
"Microsoft","operates_in","United Kingdom","0.9","0"
"Microsoft","operates_in","United States","1.0","0"
"Microsoft","serves_segment","Cloud Computing","1.0","0"
"Microsoft","serves_segment","Enterprise Software","1.0","0"
"Microsoft","serves_segment","Operating Systems","1.0","0"
"Microsoft","serves_segment","Productivity Software","1.0","0"
"Middle East Theatre","contains","Middle East","1.0","0"
"Middle East Theatre","is_a","Military Theatre","1.0","0"
"Military Electronics","is_a","Market Segment","1.0","0"
"Military Transport Aircraft","operates_in","Air Domain","1.0","0"
"Mine Countermeasure","is_a","Defence Technology","1.0","0"
"Missile Systems","is_a","Market Segment","1.0","0"
"Mistral AI","develops","Large Language Model","1.0","0"
"Mistral AI","is_a","Company","1.0","0"
"Mitsubishi Heavy Industries","headquartered_in","Japan","1.0","0"
"Mitsubishi Heavy Industries","is_a","Defence Company","1.0","0"
"Mobile Devices","is_a","Market Segment","1.0","0"
"MongoDB","is_a","Database","1.0","0"
"MongoDB","stores","Document Data","1.0","0"
"Motherboard","is_a","Computer Hardware","1.0","0"
"MQ-25 Stingray","is_a","Uncrewed Aerial Vehicle","1.0","0"
"MQ-25 Stingray","manufactured_by","Boeing Defense Space and Security","1.0","0"
"MQ-25 Stingray","uses_technology","Aerial Refuelling","1.0","0"
"MQ-25 Stingray","uses_technology","Carrier Aviation","0.9","0"
"MQ-9 Reaper","is_a","Uncrewed Aerial Vehicle","1.0","0"
"MQ-9 Reaper","manufactured_by","General Atomics","1.0","0"
"MQ-9 Reaper","uses_technology","Remote Piloting","1.0","0"
"MySQL","is_a","Database","1.0","0"
"MySQL","owned_by","Oracle","0.9","0"
"MySQL","stores","Relational Data","1.0","0"
"NASAMS","is_a","Air Defence System","1.0","0"
"NASAMS","manufactured_by","Kongsberg Gruppen","0.8","0"
"NASAMS","manufactured_by","RTX","0.8","0"
"NASAMS","uses_technology","Networked Air Defence","1.0","0"
"NATO","is_a","Military Alliance","1.0","0"
"Naval Group","headquartered_in","France","1.0","0"
"Naval Group","is_a","Defence Company","1.0","0"
"Naval Systems","is_a","Market Segment","1.0","0"
"Navy","is_a","Military Service","1.0","0"
"Navy","operates_in","Maritime Domain","1.0","0"
"Neo4j","is_a","Graph Database","1.0","0"
"Neo4j","stores","Graph Data","1.0","0"
"Nestle","headquartered_in","Switzerland","1.0","0"
"Nestle","is_a","Company","1.0","0"
"Nestle","operates_in","Brazil","0.8","0"
"Nestle","operates_in","China","0.8","0"
"Nestle","operates_in","France","0.8","0"
"Nestle","operates_in","India","0.8","0"
"Nestle","operates_in","Switzerland","1.0","0"
"Nestle","operates_in","United States","0.9","0"
"Nestle","serves_segment","Beverages","1.0","0"
"Nestle","serves_segment","Food Products","1.0","0"
"Nestle","serves_segment","Nutrition Products","0.9","0"
"Nestle","serves_segment","Pet Care","0.8","0"
"Netherlands","is_a","Country","1.0","0"
"Network Card","is_a","Computer Hardware","1.0","0"
"Neural Network","is_a","Machine Learning Model","1.0","0"
"New Zealand","member_of","Five Eyes","1.0","0"
"Nigeria","is_a","Country","1.0","0"
"Nimitz Class","is_a","Aircraft Carrier","1.0","0"
"Nimitz Class","manufactured_by","Huntington Ingalls Industries","1.0","0"
"Nimitz Class","uses_technology","Nuclear Propulsion","1.0","0"
"NLAW","is_a","Anti Armour Missile","1.0","0"
"NLAW","manufactured_by","Saab","1.0","0"
"NLAW","uses_technology","Top Attack","1.0","0"
"Node","is_a","Graph Element","1.0","0"
"Node.js","is_a","Runtime Environment","1.0","0"
"Node.js","runs","JavaScript","1.0","0"
"Northrop Grumman","headquartered_in","United States","1.0","0"
"Northrop Grumman","is_a","Defence Company","1.0","0"
"Northrop Grumman","serves_segment","Autonomous Systems","0.9","0"
"Northrop Grumman","serves_segment","Space Systems","1.0","0"
"Northrop Grumman","serves_segment","Strategic Bombers","1.0","0"
"Norway","member_of","NATO","1.0","0"
"Novartis","headquartered_in","Switzerland","1.0","0"
"Novartis","is_a","Company","1.0","0"
"Novartis","operates_in","China","0.8","0"
"Novartis","operates_in","Germany","0.8","0"
"Novartis","operates_in","India","0.8","0"
"Novartis","operates_in","Switzerland","1.0","0"
"Novartis","operates_in","United States","0.9","0"
"Novartis","serves_segment","Biopharmaceuticals","0.9","0"
"Novartis","serves_segment","Generic Medicines","0.8","0"
"Novartis","serves_segment","Oncology Medicine","0.8","0"
"Novartis","serves_segment","Pharmaceuticals","1.0","0"
"NSM","is_a","Anti Ship Missile","1.0","0"
"NSM","manufactured_by","Kongsberg Gruppen","1.0","0"
"NSM","uses_technology","Sea Skimming","0.9","0"
"Nuclear Deterrence","is_a","Strategic Capability","1.0","0"
"Nvidia","develops","CUDA","1.0","0"
"Nvidia","headquartered_in","United States","1.0","0"
"Nvidia","is_a","Company","1.0","0"
"Nvidia","manufactures","GPU","1.0","0"
"Nvidia","operates_in","China","0.8","0"
"Nvidia","operates_in","Germany","0.8","0"
"Nvidia","operates_in","India","0.8","0"
"Nvidia","operates_in","Israel","0.8","0"
"Nvidia","operates_in","Taiwan","0.9","0"
"Nvidia","operates_in","United States","1.0","0"
"Nvidia","provides","AI Hardware","1.0","0"
"Nvidia","serves_segment","AI Hardware","1.0","0"
"Nvidia","serves_segment","Gaming Hardware","0.9","0"
"Nvidia","serves_segment","GPU Computing","1.0","0"
"Nvidia","serves_segment","Semiconductors","1.0","0"
"OAuth","is_a","Authorization Protocol","1.0","0"
"Object Storage","is_a","Storage Service","1.0","0"
"Object Storage","stores","File","1.0","0"
"Ohio Class","is_a","Ballistic Missile Submarine","1.0","0"
"Ohio Class","manufactured_by","General Dynamics","1.0","0"
"Ohio Class","uses_technology","Nuclear Deterrence","1.0","0"
"Oil and Gas","is_a","Market Segment","1.0","0"
"Oncology Medicine","is_a","Market Segment","1.0","0"
"Online Advertising","is_a","Market Segment","1.0","0"
"Open Source Intelligence","is_a","Intelligence Discipline","1.0","0"
"Open Source Intelligence","operates_in","Information Domain","1.0","0"
"Open Source Intelligence","uses","Public Information","1.0","0"
"OpenAI","develops","Large Language Model","1.0","0"
"OpenAI","is_a","Company","1.0","0"
"OpenCL","is_a","Compute API","1.0","0"
"OpenCL","managed_by","Khronos Group","1.0","0"
"OpenGL","is_a","Graphics API","1.0","0"
"OpenGL","managed_by","Khronos Group","1.0","0"
"OpenID Connect","based_on","OAuth","0.9","0"
"OpenID Connect","is_a","Identity Protocol","1.0","0"
"openSUSE","is_a","Linux Distribution","1.0","0"
"Operating System","contains","Kernel","1.0","0"
"Operating System","provides","System Calls","1.0","0"
"Operating Systems","is_a","Market Segment","1.0","0"
"Oracle","headquartered_in","United States","1.0","0"
"Oracle","is_a","Company","1.0","0"
"Oracle","operates_in","Germany","0.8","0"
"Oracle","operates_in","India","0.8","0"
"Oracle","operates_in","Japan","0.8","0"
"Oracle","operates_in","United Kingdom","0.9","0"
"Oracle","operates_in","United States","1.0","0"
"Oracle","serves_segment","Business Applications","0.9","0"
"Oracle","serves_segment","Cloud Computing","0.9","0"
"Oracle","serves_segment","Databases","1.0","0"
"Oracle","serves_segment","Enterprise Software","1.0","0"
"Oracle Cloud","is_a","Cloud Platform","1.0","0"
"Oracle Cloud","owned_by","Oracle","1.0","0"
"Oracle Database","developed_by","Oracle","1.0","0"
"Oracle Database","is_a","Database","1.0","0"
"P-8 Poseidon","is_a","Maritime Patrol Aircraft","1.0","0"
"P-8 Poseidon","manufactured_by","Boeing Defense Space and Security","1.0","0"
"P-8 Poseidon","uses_technology","Maritime Surveillance","1.0","0"
"Package Manager","installs","Package","1.0","0"
"Package Manager","is_a","Developer Tool","1.0","0"
"Patch","fixes","Vulnerability","1.0","0"
"Patch","is_a","Software Update","1.0","0"
"Patria AMV","is_a","Armoured Fighting Vehicle","1.0","0"
"Patria AMV","manufactured_by","Patria","1.0","0"
"Patriot","is_a","Air Defence System","1.0","0"
"Patriot","manufactured_by","RTX","1.0","0"
"Patriot","uses_technology","Missile Defence","1.0","0"
"Payment Networks","is_a","Market Segment","1.0","0"
"Payment Services","is_a","Market Segment","1.0","0"
"PepsiCo","headquartered_in","United States","1.0","0"
"PepsiCo","is_a","Company","1.0","0"
"PepsiCo","operates_in","Brazil","0.8","0"
"PepsiCo","operates_in","China","0.8","0"
"PepsiCo","operates_in","India","0.8","0"
"PepsiCo","operates_in","Mexico","0.8","0"
"PepsiCo","operates_in","United Kingdom","0.8","0"
"PepsiCo","operates_in","United States","1.0","0"
"PepsiCo","serves_segment","Beverages","1.0","0"
"PepsiCo","serves_segment","Packaged Foods","0.9","0"
"PepsiCo","serves_segment","Snack Foods","1.0","0"
"Persian Gulf","associated_with","Energy Security","1.0","0"
"Persian Gulf","is_a","Military Theatre","1.0","0"
"Persian Gulf","near","Iran","0.9","0"
"Persian Gulf","near","Saudi Arabia","0.9","0"
"Personal Care","is_a","Market Segment","1.0","0"
"Petrochemicals","is_a","Market Segment","1.0","0"
"Pfizer","headquartered_in","United States","1.0","0"
"Pfizer","is_a","Company","1.0","0"
"Pfizer","operates_in","Belgium","0.8","0"
"Pfizer","operates_in","Germany","0.8","0"
"Pfizer","operates_in","India","0.8","0"
"Pfizer","operates_in","Japan","0.8","0"
"Pfizer","operates_in","United Kingdom","0.8","0"
"Pfizer","operates_in","United States","1.0","0"
"Pfizer","serves_segment","Biopharmaceuticals","1.0","0"
"Pfizer","serves_segment","Oncology Medicine","0.8","0"
"Pfizer","serves_segment","Pharmaceuticals","1.0","0"
"Pfizer","serves_segment","Vaccines","1.0","0"
"Pharmaceuticals","is_a","Market Segment","1.0","0"
"PostgreSQL","is_a","Database","1.0","0"
"PostgreSQL","stores","Relational Data","1.0","0"
"Precision Guided Munition","enables","Precision Strike","1.0","0"
"Precision Guided Munition","is_a","Defence Technology","1.0","0"
"Private Label Goods","is_a","Market Segment","1.0","0"
"Procter and Gamble","headquartered_in","United States","1.0","0"
"Procter and Gamble","is_a","Company","1.0","0"
"Procter and Gamble","operates_in","Brazil","0.8","0"
"Procter and Gamble","operates_in","China","0.8","0"
"Procter and Gamble","operates_in","Germany","0.8","0"
"Procter and Gamble","operates_in","India","0.8","0"
"Procter and Gamble","operates_in","Japan","0.8","0"
"Procter and Gamble","operates_in","United States","1.0","0"
"Procter and Gamble","serves_segment","Consumer Goods","1.0","0"
"Procter and Gamble","serves_segment","Health Care Products","0.8","0"
"Procter and Gamble","serves_segment","Home Care","0.9","0"
"Procter and Gamble","serves_segment","Personal Care","1.0","0"
"Productivity Software","is_a","Market Segment","1.0","0"
"Profiler","is_a","Developer Tool","1.0","0"
"Profiler","measures","Performance","1.0","0"
"Puma IFV","is_a","Infantry Fighting Vehicle","1.0","0"
"Puma IFV","manufactured_by","Rheinmetall","0.8","0"
"Python","is_a","Programming Language","1.0","0"
"PzH 2000","is_a","Self Propelled Artillery","1.0","0"
"PzH 2000","manufactured_by","Krauss-Maffei Wegmann","0.8","0"
"PzH 2000","manufactured_by","Rheinmetall","0.8","0"
"PzH 2000","uses_technology","155mm Artillery","1.0","0"
"Qatar","is_a","Country","1.0","0"
"Qt","is_a","UI Framework","1.0","0"
"QUAD","is_a","Security Dialogue","1.0","0"
"Qualcomm","is_a","Company","1.0","0"
"Qualcomm","manufactures","Microprocessor","1.0","0"
"Quantization","is_a","Model Optimization","1.0","0"
"Quantization","reduces","Model Size","1.0","0"
"Queen Elizabeth Class","is_a","Aircraft Carrier","1.0","0"
"Queen Elizabeth Class","manufactured_by","BAE Systems","0.8","0"
"Queen Elizabeth Class","uses_technology","Carrier Aviation","1.0","0"
"Queue","is_a","Data Structure","1.0","0"
"Queue","uses","First In First Out","1.0","0"
"Rafael Advanced Defense Systems","headquartered_in","Israel","1.0","0"
"Rafael Advanced Defense Systems","is_a","Defence Company","1.0","0"
"Rail Technology","is_a","Market Segment","1.0","0"
"RAM","is_a","Computer Hardware","1.0","0"
"RAM","stores","Volatile Data","1.0","0"
"React","developed_by","Meta","1.0","0"
"React","is_a","Web Framework","0.8","0"
"Red Hat","is_a","Company","1.0","0"
"Red Hat Enterprise Linux","developed_by","Red Hat","1.0","0"
"Red Hat Enterprise Linux","is_a","Linux Distribution","1.0","0"
"Red Sea","associated_with","Maritime Security","1.0","0"
"Red Sea","is_a","Military Theatre","1.0","0"
"Red Sea","near","Egypt","0.9","0"
"Red Sea","near","Yemen","0.9","0"
"Redis","is_a","Database","0.9","0"
"Redis","stores","Key Value Data","1.0","0"
"Refining","is_a","Market Segment","1.0","0"
"Renewable Energy","is_a","Market Segment","1.0","0"
"REST API","is_a","Software Interface","1.0","0"
"REST API","uses","HTTP","1.0","0"
"Retail","is_a","Market Segment","1.0","0"
"Rheinmetall","headquartered_in","Germany","1.0","0"
"Rheinmetall","is_a","Defence Company","1.0","0"
"Rheinmetall","serves_segment","Ammunition","1.0","0"
"Rheinmetall","serves_segment","Land Systems","1.0","0"
"Roche","headquartered_in","Switzerland","1.0","0"
"Roche","is_a","Company","1.0","0"
"Roche","operates_in","China","0.8","0"
"Roche","operates_in","Germany","0.8","0"
"Roche","operates_in","Japan","0.8","0"
"Roche","operates_in","Switzerland","1.0","0"
"Roche","operates_in","United States","0.9","0"
"Roche","serves_segment","Biotechnology","0.9","0"
"Roche","serves_segment","Diagnostics","1.0","0"
"Roche","serves_segment","Oncology Medicine","0.9","0"
"Roche","serves_segment","Pharmaceuticals","1.0","0"
"ROCm","developed_by","AMD","1.0","0"
"ROCm","is_a","Software Platform","1.0","0"
"ROCm","used_for","GPU Computing","1.0","0"
"Row","is_a","Data Structure","1.0","0"
"RTX","headquartered_in","United States","1.0","0"
"RTX","is_a","Company","1.0","0"
"RTX","is_a","Defence Company","1.0","0"
"RTX","operates_in","Australia","0.7","0"
"RTX","operates_in","Canada","0.7","0"
"RTX","operates_in","Saudi Arabia","0.7","0"
"RTX","operates_in","United Kingdom","0.8","0"
"RTX","operates_in","United States","1.0","0"
"RTX","serves_segment","Aerospace","1.0","0"
"RTX","serves_segment","Air Defence Systems","1.0","0"
"RTX","serves_segment","Aircraft Engines","0.9","0"
"RTX","serves_segment","Defense","1.0","0"
"RTX","serves_segment","Missile Systems","0.9","0"
"Rust","is_a","Programming Language","1.0","0"
"Rust","managed_by","Rust Foundation","0.9","0"
"S-400","is_a","Air Defence System","1.0","0"
"Saab","headquartered_in","Sweden","1.0","0"
"Saab","is_a","Defence Company","1.0","0"
"Saab Gripen","is_a","Combat Aircraft","1.0","0"
"Saab Gripen","manufactured_by","Saab","1.0","0"
"Sahel","contains","Mali","0.8","0"
"Sahel","contains","Niger","0.8","0"
"Sahel","is_a","Military Theatre","1.0","0"
"Salesforce","headquartered_in","United States","1.0","0"
"Salesforce","is_a","Company","1.0","0"
"Salesforce","operates_in","Australia","0.8","0"
"Salesforce","operates_in","Germany","0.8","0"
"Salesforce","operates_in","Japan","0.8","0"
"Salesforce","operates_in","United Kingdom","0.9","0"
"Salesforce","operates_in","United States","1.0","0"
"Salesforce","serves_segment","Business Applications","0.9","0"
"Salesforce","serves_segment","Cloud Computing","0.9","0"
"Salesforce","serves_segment","CRM","1.0","0"
"Salesforce","serves_segment","Enterprise Software","1.0","0"
"SAMP/T","is_a","Air Defence System","1.0","0"
"SAMP/T","manufactured_by","MBDA","1.0","0"
"SAMP/T","uses_technology","Missile Defence","1.0","0"
"Samsung","headquartered_in","South Korea","1.0","0"
"Samsung","is_a","Company","1.0","0"
"Samsung","manufactures","Semiconductor","0.9","0"
"Samsung","operates_in","China","0.8","0"
"Samsung","operates_in","Germany","0.8","0"
"Samsung","operates_in","India","0.9","0"
"Samsung","operates_in","South Korea","1.0","0"
"Samsung","operates_in","United States","0.9","0"
"Samsung","operates_in","Vietnam","0.9","0"
"Samsung","serves_segment","Consumer Electronics","1.0","0"
"Samsung","serves_segment","Home Appliances","0.9","0"
"Samsung","serves_segment","Mobile Devices","1.0","0"
"Samsung","serves_segment","Semiconductors","1.0","0"
"SAP","headquartered_in","Germany","1.0","0"
"SAP","is_a","Company","1.0","0"
"SAP","operates_in","Brazil","0.8","0"
"SAP","operates_in","Germany","1.0","0"
"SAP","operates_in","India","0.8","0"
"SAP","operates_in","United Kingdom","0.8","0"
"SAP","operates_in","United States","0.9","0"
"SAP","serves_segment","Business Applications","1.0","0"
"SAP","serves_segment","Cloud Computing","0.8","0"
"SAP","serves_segment","Enterprise Software","1.0","0"
"SAP","serves_segment","ERP","1.0","0"
"Satellite Reconnaissance","is_a","Defence Technology","1.0","0"
"Satellite Reconnaissance","operates_in","Space Domain","1.0","0"
"Satellite Reconnaissance","provides","Strategic Intelligence","1.0","0"
"Saudi Arabia","is_a","Country","1.0","0"
"Saudi Aramco","headquartered_in","Saudi Arabia","1.0","0"
"Saudi Aramco","is_a","Company","1.0","0"
"Saudi Aramco","operates_in","China","0.8","0"
"Saudi Aramco","operates_in","Japan","0.7","0"
"Saudi Aramco","operates_in","Saudi Arabia","1.0","0"
"Saudi Aramco","operates_in","South Korea","0.7","0"
"Saudi Aramco","operates_in","United States","0.7","0"
"Saudi Aramco","serves_segment","Oil and Gas","1.0","0"
"Saudi Aramco","serves_segment","Petrochemicals","0.9","0"
"Saudi Aramco","serves_segment","Refining","0.9","0"
"SCALP EG","is_a","Cruise Missile","1.0","0"
"SCALP EG","manufactured_by","MBDA","1.0","0"
"SCALP EG","uses_technology","Precision Strike","1.0","0"
"Secure Communications","is_a","Defence Technology","1.0","0"
"Secure Communications","protects","Military Communications","1.0","0"
"Security","is_a","Computing Concern","1.0","0"
"Security","protects","System","1.0","0"
"Self Propelled Artillery","operates_in","Land Domain","1.0","0"
"Semiconductor Manufacturing","is_a","Market Segment","1.0","0"
"Semiconductors","is_a","Market Segment","1.0","0"
"Sensor Fusion","combines","Sensor Data","1.0","0"
"Sensor Fusion","is_a","Defence Technology","1.0","0"
"Server","hosts","Service","1.0","0"
"Server","is_a","Computer System","1.0","0"
"Service","is_a","Software Component","1.0","0"
"Service","runs_on","Server","0.9","0"
"Shell","headquartered_in","United Kingdom","1.0","0"
"Shell","interacts_with","Operating System","1.0","0"
"Shell","is_a","Company","1.0","0"
"Shell","is_a","Software Component","1.0","0"
"Shell","operates_in","Australia","0.8","0"
"Shell","operates_in","Brazil","0.8","0"
"Shell","operates_in","Netherlands","0.9","0"
"Shell","operates_in","Nigeria","0.8","0"
"Shell","operates_in","United Kingdom","1.0","0"
"Shell","operates_in","United States","0.9","0"
"Shell","serves_segment","Fuel Retail","1.0","0"
"Shell","serves_segment","Liquefied Natural Gas","0.9","0"
"Shell","serves_segment","Oil and Gas","1.0","0"
"Shell","serves_segment","Renewable Energy","0.7","0"
"Siemens","headquartered_in","Germany","1.0","0"
"Siemens","is_a","Company","1.0","0"
"Siemens","operates_in","China","0.8","0"
"Siemens","operates_in","Germany","1.0","0"
"Siemens","operates_in","India","0.8","0"
"Siemens","operates_in","United Kingdom","0.8","0"
"Siemens","operates_in","United States","0.9","0"
"Siemens","serves_segment","Energy Technology","0.8","0"
"Siemens","serves_segment","Industrial Automation","1.0","0"
"Siemens","serves_segment","Medical Technology","0.8","0"
"Siemens","serves_segment","Rail Technology","0.8","0"
"Signals Intelligence","collects","Electronic Signals","1.0","0"
"Signals Intelligence","is_a","Intelligence Discipline","1.0","0"
"Singapore","is_a","Country","1.0","0"
"Snack Foods","is_a","Market Segment","1.0","0"
"Social Media","is_a","Market Segment","1.0","0"
"Soft Drinks","is_a","Market Segment","1.0","0"
"Sony","is_a","Company","1.0","0"
"South Africa","is_a","Country","1.0","0"
"South China Sea","associated_with","Maritime Disputes","1.0","0"
"South China Sea","is_a","Military Theatre","1.0","0"
"South China Sea","near","China","0.9","0"
"South China Sea","near","Philippines","0.9","0"
"South China Sea","near","Vietnam","0.9","0"
"South Korea","is_a","Country","1.0","0"
"Space Domain","is_a","Operational Domain","1.0","0"
"Space Force","is_a","Military Service","1.0","0"
"Space Force","operates_in","Space Domain","1.0","0"
"Space Situational Awareness","is_a","Strategic Capability","1.0","0"
"Space Systems","is_a","Market Segment","1.0","0"
"Space Theatre","associated_with","Satellite Operations","1.0","0"
"Space Theatre","contains","Earth Orbit","1.0","0"
"Space Theatre","is_a","Military Theatre","1.0","0"
"Spain","is_a","Country","1.0","0"
"Special Operations Forces","is_a","Military Force Type","1.0","0"
"Special Operations Forces","operates_in","Air Domain","0.6","0"
"Special Operations Forces","operates_in","Land Domain","0.8","0"
"Special Operations Forces","operates_in","Maritime Domain","0.6","0"
"Spike","is_a","Anti Armour Missile","1.0","0"
"Spike","manufactured_by","Rafael Advanced Defense Systems","1.0","0"
"Spike","uses_technology","Electro Optical Guidance","1.0","0"
"Spring","is_a","Software Framework","1.0","0"
"Spring","written_in","Java","1.0","0"
"SQL","is_a","Query Language","1.0","0"
"SQL","used_for","Database Querying","1.0","0"
"SQL Server","developed_by","Microsoft","1.0","0"
"SQL Server","is_a","Database","1.0","0"
"SQLite","is_a","Database","1.0","0"
"SQLite","stores","Relational Data","1.0","0"
"SSD","is_a","Computer Hardware","1.0","0"
"SSD","stores","Persistent Data","1.0","0"
"Stack","is_a","Data Structure","1.0","0"
"Stack","uses","Last In First Out","1.0","0"
"Stealth","is_a","Defence Technology","1.0","0"
"Stealth","reduces","Radar Detection","1.0","0"
"Storm Shadow","is_a","Cruise Missile","1.0","0"
"Storm Shadow","manufactured_by","MBDA","1.0","0"
"Storm Shadow","uses_technology","Precision Strike","1.0","0"
"Strategic Airlift","is_a","Strategic Capability","1.0","0"
"Strategic Bomber","operates_in","Air Domain","1.0","0"
"Stryker","is_a","Armoured Fighting Vehicle","1.0","0"
"Stryker","manufactured_by","General Dynamics","1.0","0"
"Suffren Class","is_a","Attack Submarine","1.0","0"
"Suffren Class","manufactured_by","Naval Group","1.0","0"
"Suffren Class","uses_technology","Nuclear Propulsion","1.0","0"
"Sukhoi Su-57","is_a","Combat Aircraft","1.0","0"
"Svelte","is_a","Web Framework","0.8","0"
"Sweden","is_a","Country","1.0","0"
"Sweden","member_of","NATO","1.0","0"
"Swift","developed_by","Apple","1.0","0"
"Swift","is_a","Programming Language","1.0","0"
"Switzerland","is_a","Country","1.0","0"
"T-14 Armata","is_a","Main Battle Tank","0.8","0"
"T-90","is_a","Main Battle Tank","1.0","0"
"Table","contains","Column","1.0","0"
"Table","contains","Row","1.0","0"
"Table","is_a","Data Structure","1.0","0"
"Taiwan","is_a","Country","1.0","0"
"Taiwan Strait","associated_with","Great Power Competition","1.0","0"
"Taiwan Strait","is_a","Military Theatre","1.0","0"
"Taiwan Strait","near","China","1.0","0"
"Taiwan Strait","near","Taiwan","1.0","0"
"TCP","is_a","Network Protocol","1.0","0"
"TCP","provides","Reliable Transport","1.0","0"
"Terraform","is_a","Infrastructure as Code Tool","1.0","0"
"Terraform","used_for","Infrastructure Provisioning","1.0","0"
"Tesla","headquartered_in","United States","1.0","0"
"Tesla","is_a","Company","1.0","0"
"Tesla","operates_in","Australia","0.7","0"
"Tesla","operates_in","Canada","0.7","0"
"Tesla","operates_in","China","0.9","0"
"Tesla","operates_in","Germany","0.9","0"
"Tesla","operates_in","United Kingdom","0.8","0"
"Tesla","operates_in","United States","1.0","0"
"Tesla","serves_segment","Autonomous Driving","0.8","0"
"Tesla","serves_segment","Battery Storage","0.9","0"
"Tesla","serves_segment","Electric Vehicles","1.0","0"
"Tesla","serves_segment","Solar Energy","0.7","0"
"Text Editor","is_a","Developer Tool","1.0","0"
"THAAD","is_a","Air Defence System","1.0","0"
"THAAD","manufactured_by","Lockheed Martin","1.0","0"
"THAAD","uses_technology","Ballistic Missile Defence","1.0","0"
"Thailand","is_a","Country","1.0","0"
"Thales","headquartered_in","France","1.0","0"
"Thales","is_a","Defence Company","1.0","0"
"Thales","serves_segment","Military Electronics","1.0","0"
"Thales","serves_segment","Radar Systems","1.0","0"
"Thales","serves_segment","Secure Communications","1.0","0"
"TLS","is_a","Security Protocol","1.0","0"
"TLS","provides","Encryption","1.0","0"
"Tokenization","is_a","Text Processing","1.0","0"
"Tomahawk","is_a","Cruise Missile","1.0","0"
"Tomahawk","manufactured_by","RTX","1.0","0"
"Tomahawk","uses_technology","Terrain Contour Matching","0.8","0"
"Toyota","headquartered_in","Japan","1.0","0"
"Toyota","is_a","Company","1.0","0"
"Toyota","operates_in","China","0.8","0"
"Toyota","operates_in","India","0.8","0"
"Toyota","operates_in","Japan","1.0","0"
"Toyota","operates_in","Thailand","0.8","0"
"Toyota","operates_in","United Kingdom","0.8","0"
"Toyota","operates_in","United States","0.9","0"
"Toyota","serves_segment","Automotive Manufacturing","1.0","0"
"Toyota","serves_segment","Commercial Vehicles","0.8","0"
"Toyota","serves_segment","Hybrid Vehicles","1.0","0"
"Toyota","serves_segment","Mobility Services","0.7","0"
"Trade Finance","is_a","Market Segment","1.0","0"
"Training","is_a","Model Operation","1.0","0"
"Training","produces","Trained Model","1.0","0"
"Training And Simulation","is_a","Market Segment","1.0","0"
"Transformer","is_a","Neural Network Architecture","1.0","0"
"Transformer","used_for","Large Language Model","1.0","0"
"Trident II","is_a","Submarine Launched Ballistic Missile","1.0","0"
"Trident II","manufactured_by","Lockheed Martin","1.0","0"
"TSMC","headquartered_in","Taiwan","1.0","0"
"TSMC","is_a","Company","1.0","0"
"TSMC","manufactures","Semiconductor","1.0","0"
"TSMC","operates_in","China","0.7","0"
"TSMC","operates_in","Germany","0.7","0"
"TSMC","operates_in","Japan","0.8","0"
"TSMC","operates_in","Taiwan","1.0","0"
"TSMC","operates_in","United States","0.9","0"
"TSMC","serves_segment","Advanced Packaging","0.8","0"
"TSMC","serves_segment","Foundry Services","1.0","0"
"TSMC","serves_segment","Semiconductor Manufacturing","1.0","0"
"Turkey","member_of","NATO","1.0","0"
"Type 26 Frigate","is_a","Frigate","1.0","0"
"Type 26 Frigate","manufactured_by","BAE Systems","1.0","0"
"Type 26 Frigate","uses_technology","Anti Submarine Warfare","1.0","0"
"Type 45 Destroyer","is_a","Destroyer","1.0","0"
"Type 45 Destroyer","manufactured_by","BAE Systems","1.0","0"
"Type 45 Destroyer","uses_technology","Air Defence Radar","1.0","0"
"TypeScript","developed_by","Microsoft","1.0","0"
"TypeScript","is_a","Programming Language","1.0","0"
"Ubuntu","based_on","Debian","0.9","0"
"Ubuntu","developed_by","Canonical","1.0","0"
"Ubuntu","is_a","Linux Distribution","1.0","0"
"UDP","is_a","Network Protocol","1.0","0"
"UDP","provides","Datagram Transport","1.0","0"
"Uncrewed Aerial Vehicle","operates_in","Air Domain","1.0","0"
"Unilever","headquartered_in","United Kingdom","1.0","0"
"Unilever","is_a","Company","1.0","0"
"Unilever","operates_in","Brazil","0.8","0"
"Unilever","operates_in","India","0.9","0"
"Unilever","operates_in","Indonesia","0.8","0"
"Unilever","operates_in","Netherlands","0.8","0"
"Unilever","operates_in","United Kingdom","1.0","0"
"Unilever","operates_in","United States","0.8","0"
"Unilever","serves_segment","Consumer Goods","1.0","0"
"Unilever","serves_segment","Food Products","0.9","0"
"Unilever","serves_segment","Home Care","0.9","0"
"Unilever","serves_segment","Personal Care","1.0","0"
"United Kingdom","is_a","Country","1.0","0"
"United Kingdom","member_of","AUKUS","1.0","0"
"United Kingdom","member_of","Five Eyes","1.0","0"
"United Kingdom","member_of","NATO","1.0","0"
"United Nations","is_a","International Organisation","1.0","0"
"United States","is_a","Country","1.0","0"
"United States","member_of","AUKUS","1.0","0"
"United States","member_of","Five Eyes","1.0","0"
"United States","member_of","NATO","1.0","0"
"United States","member_of","QUAD","1.0","0"
"Unity","is_a","Game Engine","1.0","0"
"Unity","supports","C#","1.0","0"
"Unreal Engine","is_a","Game Engine","1.0","0"
"Unreal Engine","supports","C++","1.0","0"
"Vaccines","is_a","Market Segment","1.0","0"
"Vector Database","is_a","Database","1.0","0"
"Vector Database","stores","Embedding","1.0","0"
"Vietnam","is_a","Country","1.0","0"
"Virginia Class","is_a","Attack Submarine","1.0","0"
"Virginia Class","manufactured_by","General Dynamics","0.8","0"
"Virginia Class","manufactured_by","Huntington Ingalls Industries","0.8","0"
"Virginia Class","uses_technology","Nuclear Propulsion","1.0","0"
"Virtual Machine","is_a","Compute Resource","1.0","0"
"Virtual Machine","runs","Operating System","1.0","0"
"Virtual Reality","is_a","Market Segment","1.0","0"
"Visa","headquartered_in","United States","1.0","0"
"Visa","is_a","Company","1.0","0"
"Visa","operates_in","Australia","0.8","0"
"Visa","operates_in","Brazil","0.8","0"
"Visa","operates_in","Canada","0.8","0"
"Visa","operates_in","India","0.8","0"
"Visa","operates_in","United Kingdom","0.9","0"
"Visa","operates_in","United States","1.0","0"
"Visa","serves_segment","Card Payments","1.0","0"
"Visa","serves_segment","Digital Payments","0.9","0"
"Visa","serves_segment","Financial Technology","1.0","0"
"Visa","serves_segment","Payment Networks","1.0","0"
"Volkswagen","headquartered_in","Germany","1.0","0"
"Volkswagen","is_a","Company","1.0","0"
"Volkswagen","operates_in","Brazil","0.8","0"
"Volkswagen","operates_in","China","0.9","0"
"Volkswagen","operates_in","Germany","1.0","0"
"Volkswagen","operates_in","Spain","0.8","0"
"Volkswagen","operates_in","United Kingdom","0.8","0"
"Volkswagen","operates_in","United States","0.8","0"
"Volkswagen","serves_segment","Automotive Manufacturing","1.0","0"
"Volkswagen","serves_segment","Commercial Vehicles","0.8","0"
"Volkswagen","serves_segment","Electric Vehicles","0.9","0"
"Vue","created_by","Evan You","1.0","0"
"Vue","is_a","Web Framework","0.8","0"
"Vulkan","is_a","Graphics API","1.0","0"
"Vulkan","managed_by","Khronos Group","1.0","0"
"Vulkan","used_for","Graphics Rendering","1.0","0"
"Vulnerability","enables","Exploit","0.9","0"
"Vulnerability","is_a","Security Risk","1.0","0"
"Walmart","headquartered_in","United States","1.0","0"
"Walmart","is_a","Company","1.0","0"
"Walmart","operates_in","Canada","0.8","0"
"Walmart","operates_in","China","0.7","0"
"Walmart","operates_in","India","0.8","0"
"Walmart","operates_in","Mexico","0.9","0"
"Walmart","operates_in","United States","1.0","0"
"Walmart","serves_segment","E Commerce","0.8","0"
"Walmart","serves_segment","Grocery Retail","1.0","0"
"Walmart","serves_segment","Logistics","0.8","0"
"Walmart","serves_segment","Retail","1.0","0"
"Wealth Management","is_a","Market Segment","1.0","0"
"Weapons Systems","is_a","Market Segment","1.0","0"
"WebGL","based_on","OpenGL","0.8","0"
"WebGL","is_a","Graphics API","1.0","0"
"WebSocket","is_a","Network Protocol","1.0","0"
"WebSocket","used_for","Bidirectional Communication","1.0","0"
"Wholesale Clubs","is_a","Market Segment","1.0","0"
"Windows","developed_by","Microsoft","1.0","0"
"Windows","is_a","Computer Software","1.0","0"
"Windows","is_a","Operating System","1.0","0"
"Workstation","is_a","Computer System","1.0","0"
"XML","is_a","Data Format","1.0","0"
"YAML","commonly_used_for","Configuration","0.9","0"
"YAML","is_a","Data Format","1.0","0"
"Zumwalt Class","is_a","Destroyer","1.0","0"
"Zumwalt Class","manufactured_by","General Dynamics","1.0","0"
"Zumwalt Class","uses_technology","Stealth","0.9","0"
